,14,103,106,108,109,110,111,112,113,114,115,116,117,118,actions
0,6,0,0,0,0,0,0,0,0,0,0,0,0,96,1
1,10,0,0,6,6,2,3,6,153,156,158,156,153,48,1
2,14,0,0,14,14,3,7,14,145,153,156,152,145,192,1
3,18,0,0,22,22,4,11,22,137,151,154,148,137,64,1
4,22,0,0,30,30,6,15,30,129,149,152,144,129,208,1
5,6,0,90,38,38,7,19,38,121,147,150,140,121,80,1
6,6,0,88,46,46,8,23,46,113,145,148,136,113,224,0
7,6,0,86,54,54,10,27,54,105,143,146,132,105,96,1
8,6,0,84,62,62,11,31,62,97,141,144,128,97,240,1
9,6,0,82,70,70,12,35,70,89,139,142,124,89,112,1
10,6,0,80,78,78,14,39,78,81,137,140,120,81,0,1
11,6,0,78,86,86,15,43,86,73,135,138,116,73,144,1
12,6,0,76,94,94,16,47,94,65,133,136,112,65,16,1
13,6,0,74,102,102,18,51,102,57,131,134,108,57,160,1
14,6,0,72,110,110,19,55,110,49,129,132,104,49,32,1
15,6,0,70,118,118,20,59,118,41,127,130,100,41,176,1
16,6,0,68,126,126,22,63,126,33,125,128,96,33,48,1
17,6,0,66,134,134,23,67,134,25,123,126,92,25,192,1
18,6,0,0,142,142,24,71,142,17,121,124,88,17,64,1
19,10,0,0,150,150,26,75,150,9,119,122,84,9,208,1
20,14,0,0,158,158,27,79,158,1,117,120,80,1,80,1
21,18,0,0,6,6,28,83,6,153,115,118,76,153,48,0
22,18,0,0,14,14,30,87,14,145,113,116,72,145,192,1
23,22,0,0,22,22,31,91,22,137,111,114,68,137,64,1
24,26,0,0,30,30,32,95,30,129,109,112,64,129,208,1
25,6,0,90,38,38,34,99,38,121,107,110,60,121,80,1
26,6,0,88,46,46,35,103,46,113,105,108,56,113,224,1
27,6,0,86,54,54,36,107,54,105,103,106,52,105,96,1
28,6,0,84,62,62,38,111,62,97,101,104,48,97,240,1
29,6,0,82,70,70,39,115,70,89,99,102,44,89,112,1
30,6,0,80,78,78,40,119,78,81,97,100,40,81,0,1
31,6,0,78,86,86,42,123,86,73,95,98,36,73,144,1
32,6,0,76,94,94,43,127,94,65,93,96,32,65,16,1
33,6,0,74,102,99,44,132,102,57,91,94,28,57,160,1
34,6,0,72,110,103,46,140,106,53,89,91,24,49,224,1
35,6,0,70,118,107,47,148,110,49,87,87,22,45,32,1
36,6,0,68,126,111,48,156,114,45,85,83,20,41,96,1
37,6,0,66,134,115,50,4,118,41,83,79,18,37,176,1
38,6,0,0,142,119,51,12,122,37,81,75,16,33,240,1
39,10,0,0,150,123,52,20,126,33,79,71,14,29,48,1
40,14,0,0,158,127,54,28,130,29,77,67,12,25,112,1
41,18,0,0,6,131,55,36,134,25,75,63,10,21,192,1
42,22,0,0,14,135,56,44,138,21,73,59,8,17,0,1
43,26,0,0,22,139,58,52,142,17,71,55,6,13,64,1
44,30,0,0,30,143,59,60,146,13,69,51,4,9,144,1
45,34,0,0,38,147,60,68,150,9,67,47,2,5,208,1
46,38,0,0,46,151,62,76,154,5,65,43,0,1,16,1
47,42,0,0,54,155,63,84,158,1,63,39,158,157,80,1
48,46,0,0,62,159,64,92,2,157,61,35,156,153,240,1
49,50,0,0,70,3,66,100,6,153,59,31,154,149,48,1
50,54,0,0,78,7,67,108,10,149,57,27,152,145,112,1
51,58,0,0,86,11,68,116,14,145,55,23,150,141,192,1
52,62,0,0,94,15,70,124,18,141,53,19,148,137,0,2
53,58,0,0,102,19,71,132,22,137,51,15,146,133,64,1
54,62,0,0,110,23,72,140,26,133,49,11,144,129,144,1
55,66,0,0,118,27,74,148,30,129,47,7,142,125,208,1
56,70,0,0,126,31,75,156,34,125,45,3,140,121,16,1
57,74,0,0,134,35,76,4,38,121,43,159,138,117,80,1
58,78,0,0,142,39,78,12,42,117,41,155,136,113,160,1
59,6,0,90,150,43,79,20,46,113,39,151,134,109,224,1
60,6,0,88,158,47,80,28,50,109,37,147,132,105,32,1
61,6,0,86,6,51,82,36,54,105,35,143,130,101,96,1
62,6,0,84,14,55,83,44,58,101,33,139,128,97,176,1
63,6,0,82,22,59,84,52,62,97,31,135,126,93,240,1
64,6,0,80,30,63,86,60,66,93,29,131,124,89,48,1
65,6,0,78,38,67,87,67,70,89,27,127,122,85,112,1
66,6,0,76,46,71,88,71,78,85,25,124,120,81,192,1
67,6,0,74,54,75,90,75,86,81,23,122,116,77,0,1
68,6,0,72,62,79,91,79,94,77,21,120,112,73,64,1
69,6,0,70,70,83,92,83,102,73,19,118,108,69,144,1
70,6,0,68,78,87,94,87,110,69,17,116,104,65,208,1
71,6,0,66,86,91,95,91,118,65,15,114,100,61,16,1
72,6,0,0,94,95,96,95,126,61,13,112,96,57,80,1
73,10,0,0,102,99,98,99,134,57,11,110,92,53,160,1
74,14,0,0,110,103,99,103,142,53,9,108,88,49,224,1
75,18,0,0,118,107,100,107,150,49,7,106,84,45,32,1
76,22,0,0,126,111,102,111,158,45,5,104,80,41,96,0
77,22,0,0,134,115,103,115,6,41,3,102,76,37,176,1
78,26,0,0,142,119,104,119,14,37,1,100,72,33,240,1
79,30,0,0,150,123,106,123,22,33,159,98,68,29,48,1
80,34,0,0,158,127,107,127,30,29,157,96,64,25,112,0
81,34,0,0,6,131,108,131,38,25,155,94,60,21,192,1
82,38,0,0,14,135,110,135,46,21,153,92,56,17,0,1
83,42,0,0,22,139,111,139,54,17,151,90,52,13,64,1
84,46,0,0,30,143,112,143,62,13,149,88,48,9,144,1
85,50,0,0,38,147,114,147,70,9,147,86,44,5,208,1
86,54,0,0,46,151,115,151,78,5,145,84,40,1,16,1
87,58,0,0,54,155,116,155,86,1,143,82,36,157,80,1
88,62,0,0,62,159,118,159,94,157,141,80,32,153,240,2
89,58,0,0,70,3,119,3,102,153,139,78,28,149,48,1
90,62,0,0,78,7,120,7,110,149,137,76,24,145,112,1
91,66,0,0,86,11,122,11,118,145,135,74,20,141,192,1
92,70,0,0,94,15,123,15,126,141,133,72,16,137,0,2
93,66,0,0,102,19,124,19,134,137,131,70,12,133,64,1
94,68,0,0,110,23,126,23,142,133,129,68,8,129,144,1
95,72,0,0,118,27,127,27,150,129,127,66,4,125,208,1
96,76,0,0,126,31,128,31,158,125,125,64,0,121,16,1
97,80,0,0,134,35,130,36,6,121,123,62,156,117,80,1
98,84,0,0,142,39,131,44,10,117,121,59,152,113,160,1
99,88,0,0,150,43,132,52,14,113,119,55,150,109,224,1
100,92,0,0,158,47,134,60,18,109,117,51,148,105,32,1
101,96,0,0,6,51,135,68,22,105,115,47,146,101,96,1
102,100,0,0,14,55,136,76,26,101,113,43,144,97,176,1
103,104,0,0,22,59,138,84,30,97,111,39,142,93,240,1
104,108,0,0,30,63,139,92,34,93,109,35,140,89,48,1
105,112,0,0,38,67,140,100,38,89,107,31,138,85,112,1
106,116,0,0,46,71,142,108,42,85,105,27,136,81,192,1
107,120,0,0,54,75,143,116,46,81,103,23,134,77,0,1
108,124,0,0,62,79,144,124,50,77,101,19,132,73,64,1
109,128,0,0,70,83,146,132,54,73,99,15,130,69,144,1
110,132,0,0,78,87,147,140,58,69,97,11,128,65,208,1
111,136,0,0,86,91,148,148,62,65,95,7,126,61,16,1
112,140,0,0,94,95,150,156,66,61,93,3,124,57,80,1
113,144,0,0,102,99,151,4,70,57,91,159,122,53,160,1
114,148,0,0,110,103,152,12,74,53,89,155,120,49,224,1
115,152,0,0,118,107,154,20,78,49,87,151,118,45,32,1
116,156,0,0,126,111,155,28,82,45,85,147,116,41,96,1
117,6,0,91,134,115,156,36,86,41,83,143,114,37,176,1
118,6,0,89,142,119,158,44,90,37,81,139,112,33,240,1
119,6,0,87,150,123,159,52,94,33,79,135,110,29,48,1
120,6,0,85,158,127,0,60,98,29,77,131,108,25,112,0
121,6,0,83,6,131,2,68,102,25,75,127,106,21,192,1
122,6,0,81,14,135,3,76,106,21,73,123,104,17,0,2
123,6,0,79,22,139,4,84,110,17,71,119,102,13,64,1
124,6,0,77,30,143,6,92,114,13,69,115,100,9,144,1
125,6,0,75,38,147,7,100,118,9,67,111,98,5,208,1
126,6,0,73,46,151,8,108,122,5,65,107,96,1,16,1
127,6,0,71,54,155,10,116,126,1,63,103,94,157,80,1
128,6,0,69,62,159,11,124,130,157,61,99,92,153,240,1
129,6,0,67,66,6,12,131,134,153,59,95,90,149,48,1
130,6,0,65,70,14,13,135,138,145,58,91,88,145,192,1
131,8,0,0,74,22,14,139,142,137,56,87,86,137,64,1
132,12,0,0,78,30,15,143,146,129,55,83,84,129,208,0
133,12,0,0,82,38,16,147,150,121,54,79,82,121,80,1
134,15,0,0,86,46,17,151,154,113,52,75,80,113,224,1
135,19,0,0,90,54,18,155,158,105,51,71,78,105,96,1
136,23,0,0,94,62,19,159,2,97,50,67,76,97,240,2
137,19,0,0,98,70,20,3,6,89,48,63,74,89,112,1
138,23,0,0,102,78,21,7,10,81,47,59,72,81,0,1
139,27,0,0,106,86,22,11,14,73,46,55,70,73,144,0
140,27,0,0,110,94,23,15,18,65,44,51,68,65,16,1
141,31,0,0,114,102,24,19,22,57,43,47,66,57,160,1
142,35,0,0,118,110,25,23,26,49,42,43,64,49,32,2
143,31,0,0,122,118,26,27,30,41,40,39,62,41,176,1
144,35,0,0,126,126,27,31,34,33,39,35,60,33,48,1
145,39,0,0,130,134,28,35,38,25,38,31,58,25,192,1
146,43,0,0,134,142,29,39,42,17,36,27,56,17,64,1
147,47,0,0,138,150,30,43,46,9,35,23,54,9,208,1
148,6,0,90,142,158,31,47,50,1,34,19,52,1,80,0
149,6,0,88,146,6,32,51,54,153,32,15,50,153,48,1
150,6,0,86,150,14,33,55,58,145,31,11,48,145,192,1
151,6,0,84,154,22,34,59,62,137,30,7,46,137,64,1
152,6,0,82,158,30,35,63,66,129,28,3,44,129,208,1
153,6,0,80,2,38,36,67,70,121,27,159,42,121,80,1
154,6,0,78,6,46,37,71,74,113,26,155,40,113,224,1
155,6,0,76,10,54,38,75,78,105,24,151,38,105,96,1
156,6,0,74,14,62,39,79,82,97,23,147,36,97,240,1
157,6,0,72,18,70,40,83,86,89,22,143,34,89,112,1
158,6,0,70,22,78,41,87,90,81,20,139,32,81,0,1
159,6,0,68,26,86,42,91,94,73,19,135,30,73,144,1
160,6,0,66,30,94,43,95,98,65,18,131,28,65,16,1
161,6,0,0,32,102,44,99,102,57,16,127,26,57,160,1
162,10,0,0,34,110,45,103,106,49,15,123,24,49,32,1
163,6,0,91,36,118,46,107,110,41,14,119,22,41,176,1
164,6,0,89,38,126,47,111,114,33,13,115,20,33,48,1
165,6,0,87,40,134,48,115,118,25,12,111,18,25,192,1
166,6,0,85,42,142,48,119,122,17,11,107,16,17,64,1
167,6,0,83,44,150,49,123,126,9,10,103,14,9,208,1
168,6,0,81,46,158,50,127,130,1,9,99,12,1,80,1
169,6,0,79,48,6,51,131,134,153,8,95,10,153,48,1
170,6,0,77,50,14,52,135,138,145,7,91,8,145,192,1
171,6,0,75,52,22,52,139,142,137,6,87,6,137,64,2
172,6,0,73,54,30,53,143,146,129,5,83,4,129,208,1
173,6,0,71,56,38,54,147,150,121,4,79,2,121,80,1
174,6,0,69,58,46,55,151,154,113,3,75,0,113,224,1
175,6,0,67,60,54,56,155,158,105,2,71,158,105,96,1
176,6,0,65,62,62,56,159,2,97,1,67,156,97,240,1
177,8,0,0,64,70,57,3,6,89,0,63,154,89,112,1
178,12,0,0,66,78,58,7,10,81,159,59,152,81,0,1
179,16,0,0,68,86,59,11,14,73,158,55,150,73,144,1
180,20,0,0,70,94,60,15,18,65,157,51,148,65,16,1
181,24,0,0,72,102,60,19,22,57,156,47,146,57,160,2
182,20,0,0,74,110,61,23,26,49,155,43,144,49,32,1
183,24,0,0,76,118,62,27,30,41,154,39,142,41,176,1
184,28,0,0,78,126,63,31,34,33,153,35,140,33,48,1
185,32,0,0,80,134,64,35,38,25,152,31,138,25,192,1
186,36,0,0,82,142,64,39,42,17,151,27,136,17,64,1
187,40,0,0,84,150,65,43,46,9,150,23,134,9,208,1
188,44,0,0,86,158,66,47,50,1,149,19,132,1,80,1
189,48,0,0,88,6,67,51,54,153,148,15,130,153,48,1
190,52,0,0,90,14,68,55,58,145,147,11,128,145,192,1
191,56,0,0,92,22,68,59,62,137,146,7,126,137,64,1
192,60,0,0,94,30,69,63,66,129,145,3,124,129,208,1
193,64,0,0,98,35,70,68,70,121,144,159,122,121,80,1
194,68,0,0,102,39,71,76,72,117,143,153,120,113,160,2
195,66,0,0,106,43,72,84,74,113,142,145,119,109,224,1
196,70,0,0,110,47,72,92,76,109,141,137,118,105,32,1
197,74,0,0,114,51,73,100,78,105,140,129,116,101,96,1
198,78,0,0,118,55,74,108,80,101,139,121,115,97,176,1
199,82,0,0,122,59,75,116,82,97,138,113,114,93,240,1
200,86,0,0,126,63,76,124,84,93,137,105,112,89,48,1
201,90,0,0,130,67,76,132,86,89,136,97,111,85,112,1
202,94,0,0,134,71,77,140,88,85,135,89,110,81,192,1
203,98,0,0,138,75,78,148,90,81,134,81,108,77,0,1
204,102,0,0,142,79,79,156,92,77,133,73,107,73,64,1
205,106,0,0,146,83,80,4,94,73,132,65,106,69,144,1
206,110,0,0,150,87,80,12,96,69,131,57,104,65,208,1
207,114,0,0,154,91,81,20,98,65,130,49,103,61,16,1
208,118,0,0,158,95,82,28,100,61,129,41,102,57,80,1
209,122,0,0,2,99,83,36,102,57,128,33,100,53,160,1
210,126,0,0,6,103,84,44,104,53,127,25,99,49,224,2
211,122,0,0,10,107,84,52,106,49,126,17,98,45,32,1
212,126,0,0,14,111,85,60,108,45,125,9,96,41,96,1
213,130,0,0,18,115,86,68,110,41,124,1,95,37,176,1
214,134,0,0,22,119,87,76,112,37,123,153,94,33,240,1
215,138,0,0,26,123,88,84,114,33,122,145,92,29,48,2
216,134,0,0,30,127,88,92,116,29,121,137,91,25,112,1
217,138,0,0,34,131,89,100,118,25,120,129,90,21,192,1
218,142,0,0,38,135,90,108,120,21,119,121,88,17,0,1
219,146,0,0,42,139,91,116,122,17,118,113,87,13,64,1
220,150,0,0,46,143,92,124,124,13,117,105,86,9,144,1
221,154,0,0,50,147,92,132,126,9,116,97,84,5,208,1
222,158,0,0,54,151,93,140,128,5,115,89,83,1,16,1
223,162,0,0,58,155,94,148,130,1,114,81,82,157,80,1
224,166,0,0,62,159,95,156,132,157,113,73,80,153,240,1
225,170,0,0,66,3,96,3,134,153,112,65,79,149,48,1
226,174,0,0,70,7,96,7,138,149,111,59,78,145,112,1
227,6,1,142,74,11,97,11,142,145,110,55,76,141,192,1
228,6,1,140,78,15,98,15,146,141,109,51,74,137,0,1
229,6,1,138,82,19,99,19,150,137,108,47,72,133,64,1
230,6,1,136,86,23,100,23,154,133,107,43,70,129,144,1
231,6,1,134,90,27,100,27,158,129,106,39,68,125,208,2
232,6,1,132,94,31,101,31,2,125,105,35,66,121,16,1
233,6,1,130,98,35,102,35,6,121,104,31,64,117,80,1
234,6,1,0,102,39,103,39,10,117,103,27,62,113,160,1
235,10,1,0,106,43,104,43,14,113,102,23,60,109,224,2
236,6,1,0,110,47,104,47,18,109,101,19,58,105,32,1
237,10,1,0,114,51,105,51,22,105,100,15,56,101,96,1
238,14,1,0,118,55,106,55,26,101,99,11,54,97,176,1
239,18,1,0,122,59,107,59,30,97,98,7,52,93,240,1
240,22,1,0,126,63,108,63,34,93,97,3,50,89,48,1
241,26,1,0,130,67,108,67,38,89,96,159,48,85,112,1
242,30,1,0,134,71,109,71,42,85,95,155,46,81,192,1
243,34,1,0,138,75,110,75,46,81,94,151,44,77,0,1
244,38,1,0,142,79,111,79,50,77,93,147,42,73,64,1
245,42,1,0,146,83,112,83,54,73,92,143,40,69,144,1
246,46,1,0,150,87,112,87,58,69,91,139,38,65,208,1
247,50,1,0,154,91,113,91,62,65,90,135,36,61,16,1
248,54,1,0,158,95,114,95,66,61,89,131,34,57,80,2
249,50,1,0,2,99,115,99,70,57,88,127,32,53,160,1
250,52,1,0,6,103,116,103,74,53,87,123,30,49,224,1
251,56,1,0,10,107,116,107,78,49,86,119,28,45,32,1
252,60,1,0,14,111,117,111,82,45,85,115,26,41,96,1
253,64,1,0,18,115,118,115,86,41,84,111,24,37,176,1
254,68,1,0,22,119,119,119,90,37,83,107,22,33,240,1
255,72,1,0,26,123,120,123,94,33,82,103,20,29,48,1
256,76,1,0,30,127,120,127,98,29,81,99,18,25,112,1
257,80,1,0,34,131,121,132,102,25,80,95,16,21,192,1
258,84,1,0,38,135,122,140,104,21,79,89,14,17,0,1
259,88,1,0,42,139,123,148,106,17,78,81,12,13,64,1
260,92,1,0,46,143,124,156,108,13,77,73,11,9,144,1
261,96,1,0,50,147,124,4,110,9,76,65,10,5,208,1
262,100,1,0,54,151,125,12,112,5,75,57,8,1,16,1
263,104,1,0,58,155,126,20,114,1,74,49,7,157,80,1
264,108,1,0,62,159,127,28,116,157,73,41,6,153,240,1
265,112,1,0,66,3,128,36,118,153,72,33,4,149,48,1
266,116,1,0,70,7,128,44,120,149,71,25,3,145,112,1
267,120,1,0,74,11,129,52,122,145,70,17,2,141,192,1
268,124,1,0,78,15,130,60,124,141,69,9,0,137,0,1
269,128,1,0,82,19,131,68,126,137,68,1,159,133,64,2
270,124,1,0,86,23,132,76,128,133,67,153,158,129,144,1
271,128,1,0,90,27,132,84,130,129,66,145,156,125,208,1
272,132,1,0,94,31,133,92,132,125,65,137,155,121,16,1
273,136,1,0,98,35,134,100,134,121,64,129,154,117,80,1
274,140,1,0,102,39,135,108,136,117,63,121,152,113,160,1
275,144,1,0,106,43,136,116,138,113,62,113,151,109,224,1
276,148,1,0,110,47,136,124,140,109,61,105,150,105,32,1
277,152,1,0,114,51,137,132,142,105,60,97,148,101,96,1
278,156,1,0,118,55,138,140,144,101,59,89,147,97,176,1
279,160,1,0,122,59,139,148,146,97,58,81,146,93,240,1
280,164,1,0,126,63,140,156,148,93,57,73,144,89,48,1
281,168,1,0,130,67,140,4,150,89,56,65,143,85,112,1
282,172,1,0,134,71,141,12,152,85,55,57,142,81,192,1
283,176,1,0,138,75,142,20,154,81,54,49,140,77,0,1
284,6,2,141,142,79,143,28,156,77,53,41,139,73,64,1
285,6,2,139,146,83,144,36,158,73,52,33,138,69,144,1
286,6,2,137,150,87,144,44,0,69,51,25,136,65,208,1
287,6,2,135,154,91,145,52,2,65,50,17,135,61,16,1
288,6,2,133,158,95,146,60,4,61,49,9,134,57,80,1
289,6,2,131,2,99,147,68,6,57,48,1,132,53,160,1
290,6,2,129,6,103,148,76,8,53,47,153,131,49,224,0
291,6,2,0,10,107,148,84,9,49,46,145,130,45,32,1
292,10,2,0,14,111,149,92,10,45,45,137,129,41,96,1
293,14,2,0,18,115,150,100,12,41,44,129,128,37,176,1
294,18,2,0,22,119,151,108,13,37,43,121,127,33,240,2
295,14,2,0,26,123,152,116,14,33,42,113,126,29,48,1
296,16,2,0,30,127,152,124,16,29,41,105,125,25,112,1
297,6,2,90,34,131,153,132,17,25,40,97,124,21,192,1
298,6,2,88,38,135,154,140,18,21,39,89,123,17,0,1
299,6,2,86,42,139,155,148,20,17,38,81,122,13,64,1
300,6,2,84,46,143,156,156,21,13,37,73,121,9,144,1
301,6,2,82,50,147,156,4,22,9,36,65,120,5,208,1
302,6,2,80,54,151,157,12,24,5,35,57,119,1,16,1
303,6,2,78,58,155,158,20,25,1,34,49,118,157,80,1
304,6,2,76,62,159,159,28,26,157,33,41,117,153,240,1
305,6,2,74,66,3,0,36,28,153,32,33,116,149,48,1
306,6,2,72,70,7,0,44,29,149,31,25,115,145,112,1
307,6,2,70,74,11,1,52,30,145,30,17,114,141,192,1
308,6,2,68,78,15,2,60,32,141,29,9,113,137,0,1
309,6,2,66,82,19,3,68,33,137,28,1,112,133,64,1
310,6,2,0,86,23,4,76,34,133,27,153,111,129,144,1
311,10,2,0,90,27,4,84,36,129,26,145,110,125,208,1
312,14,2,0,94,31,5,92,37,125,25,137,109,121,16,1
313,18,2,0,98,35,6,100,38,121,24,129,108,117,80,0
314,18,2,0,102,39,7,108,40,117,23,121,107,113,160,1
315,22,2,0,106,43,8,116,41,113,22,113,106,109,224,1
316,26,2,0,110,47,8,124,42,109,21,105,105,105,32,1
317,6,2,91,114,51,9,132,44,105,20,97,104,101,96,1
318,6,2,89,118,55,10,140,45,101,19,89,103,97,176,1
319,6,2,87,122,59,11,148,46,97,18,81,102,93,240,1
320,6,2,85,126,63,12,156,48,93,17,73,101,89,48,1
321,6,2,83,128,67,12,3,49,89,16,65,100,85,112,1
322,6,2,81,130,71,13,7,51,85,15,59,99,81,192,1
323,6,2,79,132,75,14,11,53,81,14,55,98,77,0,1
324,6,2,77,134,79,15,15,55,77,13,51,96,73,64,1
325,6,2,75,136,83,16,19,57,73,12,47,95,69,144,1
326,6,2,73,138,87,16,23,59,69,11,43,94,65,208,1
327,6,2,71,140,91,17,27,61,65,10,39,92,61,16,1
328,6,2,69,142,95,18,31,63,61,9,35,91,57,80,1
329,6,2,67,144,99,19,35,65,57,8,31,90,53,160,1
330,6,2,65,146,103,20,39,67,53,7,27,88,49,224,1
331,8,2,0,148,107,20,43,69,49,6,23,87,45,32,1
332,12,2,0,150,111,21,47,71,45,5,19,86,41,96,1
333,16,2,0,152,115,22,51,73,41,4,15,84,37,176,1
334,20,2,0,154,119,23,55,75,37,3,11,83,33,240,1
335,24,2,0,156,123,24,59,77,33,2,7,82,29,48,1
336,28,2,0,158,127,24,63,79,29,1,3,80,25,112,1
337,32,2,0,0,131,25,67,81,25,0,159,79,21,192,1
338,36,2,0,2,135,26,71,83,21,159,155,78,17,0,1
339,40,2,0,4,139,27,75,85,17,158,151,76,13,64,1
340,44,2,0,6,143,28,79,87,13,157,147,75,9,144,0
341,45,2,0,8,147,28,83,89,9,156,143,74,5,208,1
342,48,2,0,10,151,29,87,91,5,155,139,72,1,16,0
343,48,2,0,12,155,30,91,93,1,154,135,71,157,80,1
344,6,2,91,14,159,31,95,95,157,153,131,70,153,240,1
345,6,2,89,16,3,32,99,97,153,152,127,68,149,48,1
346,6,2,87,18,7,32,103,99,149,151,123,67,145,112,1
347,6,2,85,20,11,33,107,101,145,150,119,66,141,192,0
348,6,2,83,22,15,34,111,103,141,149,115,64,137,0,1
349,6,2,81,24,19,35,115,105,137,148,111,63,133,64,1
350,6,2,79,26,23,36,119,107,133,147,107,62,129,144,1
351,6,2,77,28,27,36,123,109,129,146,103,60,125,208,1
352,6,2,75,30,31,37,127,111,125,145,99,59,121,16,1
353,6,2,73,32,38,38,131,113,121,144,95,58,117,80,1
354,6,2,71,34,46,39,135,115,113,143,91,56,113,224,2
355,6,2,69,36,54,40,139,117,105,142,87,55,105,96,1
356,6,2,67,38,62,40,143,119,97,142,83,54,97,240,1
357,6,2,65,40,70,41,147,121,89,141,79,52,89,112,1
358,8,2,0,42,78,42,151,123,81,140,75,51,81,0,1
359,12,2,0,44,86,43,155,125,73,139,71,50,73,144,1
360,6,2,91,46,94,44,159,127,65,138,67,48,65,16,1
361,6,2,89,48,102,44,3,129,57,138,63,47,57,160,1
362,6,2,87,50,110,45,7,131,49,137,59,46,49,32,1
363,6,2,85,52,118,46,11,133,41,136,55,44,41,176,1
364,6,2,83,54,126,47,15,135,33,135,51,43,33,48,2
365,6,2,81,56,134,48,19,137,25,134,47,42,25,192,1
366,6,2,79,58,142,48,23,139,17,134,43,40,17,64,1
367,6,2,77,60,150,49,27,141,9,133,39,39,9,208,1
368,6,2,75,62,158,50,31,143,1,132,35,38,1,80,1
369,6,2,73,64,6,51,35,145,153,131,31,36,153,48,1
370,6,2,71,66,14,52,39,147,145,130,27,35,145,192,1
371,6,2,69,68,22,52,43,149,137,130,23,34,137,64,1
372,6,2,67,70,30,53,47,151,129,129,19,32,129,208,1
373,6,2,65,72,38,54,51,153,121,128,15,31,121,80,1
374,8,2,0,74,46,55,55,155,113,127,11,30,113,224,1
375,12,2,0,76,54,56,59,157,105,126,7,28,105,96,1
376,16,2,0,78,62,56,63,159,97,126,3,27,97,240,1
377,20,2,0,80,70,57,67,1,89,125,159,26,89,112,1
378,24,2,0,82,78,58,71,3,81,124,155,24,81,0,1
379,28,2,0,84,86,59,75,5,73,123,151,23,73,144,1
380,32,2,0,86,94,60,79,7,65,122,147,22,65,16,1
381,36,2,0,88,102,60,83,9,57,122,143,20,57,160,1
382,40,2,0,90,110,61,87,11,49,121,139,19,49,32,1
383,44,2,0,92,118,62,91,13,41,120,135,18,41,176,1
384,48,2,0,94,126,63,95,15,33,119,131,16,33,48,1
385,52,2,0,96,134,64,99,17,25,118,127,15,25,192,1
386,56,2,0,97,142,64,101,20,17,118,124,14,17,64,1
387,60,2,0,98,150,65,103,24,9,117,122,12,9,208,1
388,64,2,0,100,158,66,105,28,1,116,120,10,1,80,1
389,68,2,0,101,6,67,107,32,153,115,118,8,153,48,2
390,64,2,0,102,14,68,109,36,145,114,116,6,145,192,1
391,68,2,0,104,22,68,111,40,137,114,114,4,137,64,1
392,72,2,0,105,30,69,113,44,129,113,112,2,129,208,1
393,76,2,0,106,38,70,115,48,121,112,110,0,121,80,1
394,6,2,90,108,46,71,117,52,113,111,108,158,113,224,1
395,6,2,88,109,54,72,119,56,105,110,106,156,105,96,1
396,6,2,86,110,62,72,121,60,97,110,104,154,97,240,1
397,6,2,84,112,70,73,123,64,89,109,102,152,89,112,1
398,6,2,82,113,78,74,125,68,81,108,100,150,81,0,1
399,6,2,80,114,86,75,127,72,73,107,98,148,73,144,1
400,6,2,78,116,94,76,129,76,65,106,96,146,65,16,1
401,6,2,76,117,102,76,131,80,57,106,94,144,57,160,1
402,6,2,74,118,110,77,133,84,49,105,92,142,49,32,1
403,6,2,72,120,118,78,135,88,41,104,90,140,41,176,1
404,6,2,70,121,126,79,137,92,33,103,88,138,33,48,1
405,6,2,68,122,134,80,139,96,25,102,86,136,25,192,1
406,6,2,66,124,142,80,141,100,17,102,84,134,17,64,1
407,6,2,0,125,150,81,143,104,9,101,82,132,9,208,1
408,10,2,0,126,158,82,145,108,1,100,80,130,1,80,1
409,14,2,0,128,6,83,147,112,153,99,78,128,153,48,1
410,18,2,0,129,14,84,149,116,145,98,76,126,145,192,1
411,22,2,0,130,22,84,151,120,137,98,74,124,137,64,1
412,26,2,0,132,30,85,153,124,129,97,72,122,129,208,1
413,6,2,91,133,38,86,155,128,121,96,70,120,121,80,1
414,6,2,89,134,46,87,157,132,113,95,68,118,113,224,1
415,6,2,87,136,54,88,159,136,105,94,66,116,105,96,1
416,6,2,85,137,62,88,1,140,97,94,64,114,97,240,1
417,6,2,83,139,67,89,3,144,89,93,62,112,89,112,1
418,6,2,81,141,71,90,7,146,85,92,59,110,81,192,1
419,6,2,79,143,75,91,11,148,81,91,55,108,77,0,1
420,6,2,77,145,79,92,15,150,77,90,51,107,73,64,1
421,6,2,75,147,83,92,19,152,73,90,47,106,69,144,1
422,6,2,73,149,87,93,23,154,69,89,43,104,65,208,1
423,6,2,71,151,91,94,27,156,65,88,39,103,61,16,0
424,6,2,69,153,95,95,31,158,61,87,35,102,57,80,1
425,6,2,67,155,99,96,35,0,57,86,31,100,53,160,1
426,6,2,65,157,103,96,39,2,53,86,27,99,49,224,1
427,8,2,0,159,107,97,43,4,49,85,23,98,45,32,1
428,12,2,0,1,111,98,47,6,45,84,19,96,41,96,1
429,16,2,0,3,115,99,51,8,41,83,15,95,37,176,1
430,20,2,0,5,119,100,55,10,37,82,11,94,33,240,1
431,24,2,0,7,123,100,59,12,33,82,7,92,29,48,1
432,28,2,0,9,127,101,63,14,29,81,3,91,25,112,1
433,32,2,0,11,131,102,67,16,25,80,159,90,21,192,1
434,36,2,0,13,135,103,71,18,21,79,155,88,17,0,1
435,40,2,0,15,139,104,75,20,17,78,151,87,13,64,1
436,44,2,0,17,143,104,79,22,13,78,147,86,9,144,1
437,48,2,0,19,147,105,83,24,9,77,143,84,5,208,1
438,52,2,0,21,151,106,87,26,5,76,139,83,1,16,1
439,56,2,0,23,155,107,91,28,1,75,135,82,157,80,1
440,60,2,0,25,159,108,95,30,157,74,131,80,153,240,1
441,64,2,0,27,3,108,99,32,153,74,127,79,149,48,1
442,68,2,0,29,7,109,103,34,149,73,123,78,145,112,1
443,72,2,0,31,11,110,107,36,145,72,119,76,141,192,1
444,76,2,0,33,15,111,111,38,141,71,115,75,137,0,1
445,6,2,90,35,19,112,115,40,137,70,111,74,133,64,1
446,6,2,88,37,23,112,119,42,133,70,107,72,129,144,1
447,6,2,86,39,27,113,123,44,129,69,103,71,125,208,1
448,6,2,84,41,31,114,127,46,125,68,99,70,121,16,1
449,6,2,82,42,38,115,131,48,121,67,95,68,117,80,1
450,6,2,80,44,46,116,135,50,113,66,91,67,113,224,1
451,6,2,78,45,54,116,139,52,105,66,87,66,105,96,1
452,6,2,76,46,62,117,143,54,97,65,83,64,97,240,0
453,6,2,74,48,70,118,147,56,89,64,79,63,89,112,1
454,6,2,72,49,78,119,151,58,81,63,75,62,81,0,1
455,6,2,70,50,86,120,155,60,73,62,71,60,73,144,1
456,6,2,68,52,94,120,159,62,65,62,67,59,65,16,1
457,6,2,66,53,102,121,3,64,57,61,63,58,57,160,1
458,6,2,0,54,110,122,7,66,49,60,59,56,49,32,1
459,10,2,0,56,118,123,11,68,41,59,55,55,41,176,1
460,14,2,0,57,126,124,15,70,33,58,51,54,33,48,1
461,18,2,0,58,134,124,19,72,25,58,47,52,25,192,2
462,16,2,0,60,142,125,23,74,17,57,43,51,17,64,1
463,20,2,0,61,150,126,27,76,9,56,39,50,9,208,1
464,24,2,0,62,158,127,31,78,1,55,35,48,1,80,1
465,28,2,0,64,6,128,35,80,153,54,31,47,153,48,1
466,32,2,0,65,14,128,39,82,145,54,27,46,145,192,1
467,36,2,0,66,22,129,43,84,137,53,23,44,137,64,1
468,40,2,0,68,30,130,47,86,129,52,19,43,129,208,0
469,6,2,90,69,38,131,51,88,121,51,15,42,121,80,1
470,6,2,88,70,46,132,55,90,113,50,11,40,113,224,1
471,6,2,86,72,54,132,59,92,105,50,7,39,105,96,1
472,6,2,84,73,62,133,63,94,97,49,3,38,97,240,1
473,6,2,82,74,70,134,67,96,89,48,159,36,89,112,1
474,6,2,80,76,78,135,71,98,81,47,155,35,81,0,1
475,6,2,78,77,86,136,75,100,73,46,151,34,73,144,2
476,6,2,76,78,94,136,79,102,65,46,147,32,65,16,1
477,6,2,74,80,102,137,83,104,57,45,143,31,57,160,1
478,6,2,72,81,110,138,87,106,49,44,139,30,49,32,1
479,6,2,70,82,118,139,91,108,41,43,135,28,41,176,1
480,6,2,68,84,126,140,95,110,33,42,131,27,33,48,1
481,6,2,66,85,134,140,99,112,25,42,127,26,25,192,1
482,6,2,0,86,142,141,103,114,17,41,123,24,17,64,1
483,10,2,0,87,150,142,107,116,9,40,119,23,9,208,1
484,14,2,0,88,158,143,111,118,1,39,115,22,1,80,1
485,18,2,0,89,6,144,115,120,153,38,111,20,153,48,1
486,22,2,0,90,14,144,119,122,145,38,107,19,145,192,1
487,26,2,0,91,22,145,123,124,137,37,103,18,137,64,1
488,30,2,0,92,30,146,127,126,129,36,99,16,129,208,1
489,6,2,91,93,38,147,131,128,121,35,95,15,121,80,1
490,6,2,89,94,46,148,135,130,113,34,91,14,113,224,1
491,6,2,87,95,54,148,139,132,105,34,87,12,105,96,1
492,6,2,85,96,62,149,143,134,97,33,83,11,97,240,1
493,6,2,83,97,70,150,147,136,89,32,79,10,89,112,1
494,6,2,81,98,78,151,151,138,81,31,75,8,81,0,1
495,6,2,79,99,86,152,155,140,73,30,71,7,73,144,1
496,6,2,77,100,94,152,159,142,65,30,67,6,65,16,1
497,6,2,75,101,102,153,3,144,57,29,63,4,57,160,1
498,6,2,73,102,110,154,7,146,49,28,59,3,49,32,1
499,6,2,71,103,118,155,11,148,41,27,55,2,41,176,1
500,6,2,69,104,126,156,15,150,33,26,51,0,33,48,1
501,6,2,67,105,134,156,19,152,25,26,47,159,25,192,1
502,6,2,65,106,142,157,23,154,17,25,43,158,17,64,1
503,8,2,0,107,150,158,27,156,9,24,39,156,9,208,1
504,12,2,0,108,158,159,31,158,1,23,35,155,1,80,1
505,16,2,0,109,6,0,35,0,153,22,31,154,153,48,1
506,20,2,0,110,14,0,39,2,145,22,27,152,145,192,1
507,24,2,0,111,22,1,43,4,137,21,23,151,137,64,1
508,28,2,0,112,30,2,47,6,129,20,19,150,129,208,1
509,6,2,91,113,38,3,51,8,121,19,15,148,121,80,1
510,6,2,89,114,46,4,55,10,113,18,11,147,113,224,1
511,6,2,87,115,54,4,59,12,105,18,7,146,105,96,1
512,6,2,85,116,62,5,63,14,97,17,3,144,97,240,1
513,6,2,83,117,67,6,68,16,89,16,159,143,89,112,1
514,6,2,81,118,71,7,76,18,85,15,153,142,81,192,1
515,6,2,79,119,75,8,84,19,81,14,145,141,77,0,1
516,6,2,77,120,79,8,92,20,77,14,137,140,73,64,1
517,6,2,75,121,83,9,100,22,73,13,129,139,69,144,1
518,6,2,73,122,87,10,108,23,69,12,121,138,65,208,1
519,6,2,71,123,91,11,116,24,65,11,113,137,61,16,1
520,6,2,69,124,95,12,124,26,61,10,105,136,57,80,1
521,6,2,67,125,99,12,132,27,57,10,97,135,53,160,1
522,6,2,65,126,103,13,140,28,53,9,89,134,49,224,1
523,8,2,0,127,107,14,148,30,49,8,81,133,45,32,1
524,12,2,0,128,111,15,156,31,45,7,73,132,41,96,1
525,16,2,0,129,115,16,4,32,41,6,65,131,37,176,1
526,20,2,0,130,119,16,12,34,37,6,57,130,33,240,1
527,24,2,0,131,123,17,20,35,33,5,49,129,29,48,1
528,28,2,0,132,127,18,28,36,29,4,41,128,25,112,1
529,32,2,0,133,131,19,36,38,25,3,33,127,21,192,1
530,36,2,0,134,135,20,44,39,21,2,25,126,17,0,1
531,40,2,0,135,139,20,52,40,17,2,17,125,13,64,1
532,44,2,0,136,143,21,60,42,13,1,9,124,9,144,2
533,42,2,0,137,147,22,68,43,9,0,1,123,5,208,1
534,46,2,0,138,151,23,76,44,5,159,153,122,1,16,1
535,50,2,0,139,155,24,84,46,1,158,145,121,157,80,1
536,54,2,0,140,159,24,92,47,157,158,137,120,153,240,1
537,58,2,0,141,3,25,100,48,153,157,129,119,149,48,1
538,62,2,0,142,7,26,108,50,149,156,121,118,145,112,1
539,66,2,0,143,11,27,116,51,145,155,113,117,141,192,1
540,70,2,0,144,15,28,124,52,141,154,105,116,137,0,1
541,74,2,0,145,19,28,132,54,137,154,97,115,133,64,1
542,78,2,0,146,23,29,140,55,133,153,89,114,129,144,1
543,82,2,0,147,27,30,148,56,129,152,81,113,125,208,1
544,86,2,0,148,31,31,156,58,125,151,73,112,121,16,1
545,90,2,0,149,34,32,4,59,121,150,65,111,117,80,1
546,94,2,0,150,36,33,12,60,119,150,57,110,113,112,1
547,98,2,0,152,38,34,20,62,117,149,49,109,111,160,1
548,102,2,0,153,40,35,28,63,115,148,41,108,109,192,1
549,106,2,0,154,42,36,36,64,113,147,33,107,107,224,1
550,110,2,0,156,44,37,44,66,111,146,25,106,105,0,1
551,114,2,0,157,46,38,52,67,109,145,17,105,103,32,1
552,118,2,0,158,48,39,60,68,107,144,9,104,101,64,1
553,122,2,0,0,50,40,68,70,105,143,1,103,99,96,0
554,122,2,0,1,52,41,76,71,103,142,153,102,97,144,1
555,126,2,0,2,54,42,84,72,101,141,145,101,95,176,1
556,130,2,0,4,56,43,92,74,99,140,137,100,93,208,1
557,134,2,0,5,58,44,100,75,97,139,129,99,91,240,1
558,138,2,0,6,60,45,108,76,95,138,121,98,89,16,1
559,142,2,0,8,62,46,116,78,93,137,113,97,87,48,1
560,146,2,0,9,64,47,124,79,91,136,105,96,85,80,1
561,150,2,0,10,66,48,132,80,89,135,97,95,83,112,1
562,154,2,0,12,68,49,140,82,87,134,89,94,81,160,1
563,158,2,0,13,70,50,148,83,85,133,81,93,79,192,1
564,162,2,0,14,72,51,156,84,83,132,73,92,77,224,1
565,166,2,0,16,74,52,4,86,81,131,65,91,75,0,1
566,170,2,0,17,76,53,12,87,79,130,57,90,73,32,2
567,168,2,0,18,78,54,20,88,77,129,49,89,71,64,1
568,172,2,0,20,80,55,28,90,75,128,41,88,69,96,1
569,176,2,0,21,82,56,36,91,73,127,33,87,67,144,1
570,6,3,141,22,84,57,44,92,71,126,25,86,65,176,1
571,6,3,139,24,86,58,52,94,69,125,17,85,63,208,1
572,6,3,137,25,88,59,60,95,67,124,9,84,61,240,2
573,6,3,135,26,90,60,68,96,65,123,1,83,59,16,1
574,6,3,133,28,92,61,76,98,63,122,153,82,57,48,1
575,6,3,131,29,94,62,84,99,61,121,145,81,55,80,1
576,6,3,129,30,96,63,92,100,59,120,137,80,53,112,1
577,8,3,0,32,97,64,100,102,57,119,129,79,51,160,2
578,6,3,0,33,99,65,108,103,55,118,121,78,49,192,1
579,10,3,0,34,100,66,116,104,54,116,113,77,47,208,1
580,6,3,91,36,101,68,124,106,53,115,105,76,46,224,1
581,6,3,89,37,103,69,132,107,51,114,97,75,45,0,1
582,6,3,87,38,104,70,140,108,50,112,89,74,43,16,1
583,6,3,85,40,105,72,148,110,49,111,81,73,42,32,1
584,6,3,83,41,107,73,156,111,47,110,73,72,41,64,1
585,6,3,81,42,108,74,4,112,46,108,65,71,39,80,1
586,6,3,79,44,109,76,12,114,45,107,57,70,38,96,1
587,6,3,77,45,111,77,20,115,43,106,49,69,37,144,1
588,6,3,75,46,112,78,28,116,42,104,41,68,35,160,1
589,6,3,73,48,113,80,36,118,41,103,33,67,34,176,1
590,6,3,71,49,115,81,44,119,39,102,25,66,33,208,1
591,6,3,69,50,116,82,52,120,38,100,17,65,31,224,1
592,6,3,67,52,117,84,60,122,37,99,9,64,30,240,1
593,6,3,65,53,119,85,68,123,35,98,1,63,29,16,1
594,8,3,0,54,120,86,76,124,34,96,153,62,27,32,1
595,12,3,0,56,121,88,84,126,33,95,145,61,26,48,1
596,16,3,0,57,123,89,92,127,31,94,137,60,25,80,0
597,16,3,0,58,124,90,100,128,30,92,129,59,23,96,1
598,20,3,0,60,125,92,108,130,29,91,121,58,22,112,1
599,24,3,0,61,127,93,116,131,27,90,113,57,21,160,1
600,28,3,0,62,128,94,124,132,26,88,105,56,19,176,2
601,26,3,0,64,129,96,132,134,25,87,97,55,18,192,1
602,30,3,0,65,131,97,140,135,23,86,89,54,17,224,1
603,34,3,0,66,132,98,148,136,22,84,81,53,15,240,1
604,38,3,0,68,133,100,156,138,21,83,73,52,14,0,1
605,42,3,0,69,135,101,4,139,19,82,65,51,13,32,1
606,46,3,0,70,136,102,12,140,18,80,57,50,11,48,0
607,46,3,0,72,137,104,20,142,17,79,49,49,10,64,1
608,50,3,0,73,139,105,28,143,15,78,41,48,9,96,1
609,54,3,0,74,140,106,35,144,14,76,33,47,7,112,1
610,58,3,0,75,142,107,39,146,12,75,27,46,6,160,1
611,62,3,0,76,144,108,43,147,10,74,23,45,4,192,1
612,6,3,90,77,146,109,47,148,8,73,19,44,2,224,1
613,6,3,88,78,148,110,51,150,6,72,15,43,0,0,1
614,6,3,86,79,150,111,55,151,4,71,11,42,158,32,1
615,6,3,84,80,152,112,59,152,2,70,7,41,156,64,0
616,6,3,82,81,154,113,63,154,0,69,3,40,154,96,1
617,6,3,80,82,156,114,67,155,158,68,159,39,152,224,1
618,6,3,78,83,158,115,71,156,156,67,155,38,150,0,1
619,6,3,76,84,0,116,75,158,154,66,151,37,148,32,1
620,6,3,74,85,2,117,79,159,152,65,147,36,146,64,1
621,6,3,72,86,4,118,83,0,150,64,143,35,144,96,1
622,6,3,70,87,6,119,87,2,148,63,139,34,142,144,1
623,6,3,68,88,8,120,91,3,146,62,135,33,140,176,1
624,6,3,66,89,10,121,95,4,144,61,131,32,138,208,1
625,6,3,0,90,12,122,99,6,142,60,127,31,136,240,1
626,10,3,0,91,14,123,103,7,140,59,123,30,134,16,1
627,14,3,0,92,16,124,107,8,138,58,119,29,132,48,1
628,18,3,0,93,18,125,111,10,136,57,115,28,130,80,1
629,22,3,0,94,20,126,115,11,134,56,111,27,128,112,1
630,26,3,0,95,22,127,119,12,132,55,107,26,126,160,1
631,30,3,0,96,24,128,123,14,130,54,103,25,124,192,1
632,34,3,0,97,26,129,127,15,128,53,99,24,122,224,1
633,38,3,0,98,28,130,131,16,126,52,95,23,120,0,1
634,42,3,0,99,30,131,135,18,124,51,91,22,118,32,1
635,46,3,0,100,32,132,139,19,122,50,87,21,116,64,1
636,50,3,0,101,34,133,143,20,120,49,83,20,114,96,0
637,50,3,0,102,36,134,147,22,118,48,79,19,112,144,1
638,54,3,0,103,38,135,151,23,116,47,75,18,110,176,1
639,58,3,0,104,40,136,155,24,114,46,71,17,108,208,1
640,62,3,0,105,42,137,159,26,112,45,67,16,106,240,1
641,66,3,0,106,44,138,3,27,110,44,63,15,104,16,1
642,70,3,0,107,46,139,5,29,108,43,60,14,102,48,1
643,74,3,0,108,48,140,7,31,106,42,58,12,100,80,1
644,78,3,0,109,50,141,9,33,104,41,56,11,98,112,1
645,6,3,91,110,52,142,11,35,102,40,54,10,96,160,1
646,6,3,89,111,54,143,13,37,100,39,52,8,94,192,1
647,6,3,87,112,56,144,15,39,98,38,50,7,92,224,2
648,6,3,85,113,58,145,17,41,96,37,48,6,90,0,1
649,6,3,83,114,60,146,19,43,94,36,46,4,88,32,1
650,6,3,81,115,62,147,21,45,92,35,44,3,86,64,1
651,6,3,79,116,64,148,23,47,90,34,42,2,84,96,1
652,6,3,77,117,66,149,25,49,88,33,40,0,82,144,1
653,6,3,75,118,68,150,27,51,86,32,38,159,80,176,1
654,6,3,73,119,70,151,29,53,84,31,36,158,78,208,1
655,6,3,71,120,72,152,31,55,82,30,34,156,76,240,1
656,6,3,69,121,74,153,33,57,80,29,32,155,74,16,1
657,6,3,67,122,76,154,35,59,78,28,30,154,72,48,1
658,6,3,65,123,78,155,37,61,76,27,28,152,70,80,1
659,8,3,0,124,80,156,39,63,74,26,26,151,68,112,1
660,12,3,0,125,82,157,41,65,72,25,24,150,66,160,1
661,16,3,0,126,84,158,43,67,70,24,22,148,64,192,1
662,20,3,0,127,86,159,45,69,68,23,20,147,62,224,1
663,24,3,0,128,88,0,47,71,66,22,18,146,60,0,1
664,28,3,0,129,90,1,49,73,64,21,16,144,58,32,1
665,32,3,0,130,92,2,51,75,62,20,14,143,56,64,1
666,36,3,0,131,94,3,53,77,60,19,12,142,54,96,1
667,40,3,0,132,96,4,55,79,58,18,10,140,52,144,1
668,44,3,0,133,98,5,57,81,56,17,8,139,50,176,1
669,48,3,0,134,100,6,59,83,54,16,6,138,48,208,1
670,52,3,0,135,102,7,61,85,52,15,4,136,46,240,2
671,52,3,0,136,104,8,63,87,50,14,2,135,44,16,1
672,56,3,0,137,106,9,65,89,48,13,0,134,42,48,1
673,60,3,0,138,109,10,67,91,46,12,158,132,40,80,1
674,64,3,0,139,113,11,69,93,43,11,156,131,38,144,1
675,68,3,0,140,117,12,71,95,39,10,154,130,35,208,1
676,72,3,0,140,121,13,73,97,35,10,152,128,31,16,1
677,76,3,0,141,125,14,75,99,31,9,150,127,27,80,2
678,72,3,0,142,129,14,77,101,27,8,148,126,23,160,1
679,72,3,0,143,133,15,79,103,23,7,146,124,19,224,1
680,76,3,0,144,137,16,81,105,19,6,144,123,15,32,1
681,80,3,0,144,141,17,83,107,15,6,142,122,11,96,1
682,84,3,0,145,145,18,85,109,11,5,140,120,7,176,1
683,88,3,0,146,149,18,87,111,7,4,138,119,3,240,1
684,92,3,0,147,153,19,89,113,3,3,136,118,159,48,1
685,96,3,0,148,157,20,91,115,159,2,134,116,155,208,1
686,100,3,0,148,1,21,93,117,155,2,132,115,151,16,1
687,104,3,0,149,5,22,95,119,151,1,130,114,147,80,1
688,108,3,0,150,9,22,97,121,147,0,128,112,143,160,1
689,112,3,0,151,13,23,99,123,143,159,126,111,139,224,2
690,110,3,0,152,17,24,101,125,139,158,124,110,135,32,1
691,114,3,0,152,21,25,103,127,135,158,122,108,131,96,1
692,118,3,0,153,25,26,105,129,131,157,120,107,127,176,1
693,122,3,0,154,29,26,107,131,127,156,118,106,123,240,1
694,126,3,0,155,33,27,109,133,123,155,116,104,119,48,0
695,126,3,0,156,37,28,111,135,119,154,114,103,115,112,1
696,130,3,0,156,41,29,113,137,115,154,112,102,111,192,1
697,134,3,0,157,45,30,115,139,111,153,110,100,107,0,1
698,138,3,0,158,49,30,117,141,107,152,108,99,103,64,1
699,142,3,0,159,53,31,119,143,103,151,106,98,99,144,1
700,146,3,0,0,57,32,121,145,99,150,104,96,95,208,1
701,150,3,0,0,61,33,123,147,95,150,102,95,91,16,1
702,154,3,0,1,65,34,125,149,91,149,100,94,87,80,1
703,158,3,0,2,69,34,127,151,87,148,98,92,83,160,1
704,162,3,0,3,73,35,129,153,83,147,96,91,79,224,1
705,166,3,0,4,76,36,131,155,79,146,94,90,75,32,1
706,170,3,0,4,78,37,133,157,77,146,92,88,71,64,1
707,174,3,0,5,80,38,135,159,75,145,90,87,69,96,1
708,6,4,142,6,82,39,137,1,73,144,88,86,67,144,1
709,6,4,140,7,84,40,139,3,71,143,86,84,65,176,1
710,6,4,138,8,86,41,141,5,69,142,84,83,63,208,1
711,6,4,136,8,88,42,143,7,67,141,82,82,61,240,2
712,6,4,134,9,90,43,145,9,65,140,80,80,59,16,1
713,6,4,132,10,92,44,147,11,63,139,78,79,57,48,1
714,6,4,130,11,94,45,149,13,61,138,76,78,55,80,1
715,6,4,0,12,96,46,151,15,59,137,74,76,53,112,1
716,10,4,0,12,98,47,153,17,57,136,72,75,51,160,1
717,14,4,0,13,100,48,155,19,55,135,70,74,49,192,1
718,18,4,0,14,102,49,157,21,53,134,68,72,47,224,1
719,22,4,0,15,104,50,159,23,51,133,66,71,45,0,1
720,26,4,0,16,106,51,1,25,49,132,64,70,43,32,1
721,30,4,0,16,108,52,3,27,47,131,62,68,41,64,1
722,34,4,0,17,110,53,5,29,45,130,60,67,39,96,1
723,38,4,0,18,112,54,7,31,43,129,58,66,37,144,1
724,42,4,0,19,114,55,9,33,41,128,56,64,35,176,1
725,46,4,0,20,116,56,11,35,39,127,54,63,33,208,1
726,50,4,0,20,118,57,13,37,37,126,52,62,31,240,1
727,54,4,0,21,120,58,15,39,35,125,50,60,29,16,1
728,58,4,0,22,122,59,17,41,33,124,48,59,27,48,1
729,62,4,0,23,124,60,19,43,31,123,46,58,25,80,1
730,66,4,0,24,126,61,21,45,29,122,44,56,23,112,1
731,70,4,0,24,128,62,23,47,27,121,42,55,21,160,1
732,74,4,0,25,130,63,25,49,25,120,40,54,19,192,1
733,6,4,91,26,132,64,27,51,23,119,38,52,17,224,1
734,6,4,89,27,134,65,29,53,21,118,36,51,15,0,1
735,6,4,87,28,136,66,31,55,19,117,34,50,13,32,1
736,6,4,85,28,138,67,33,57,17,116,32,48,11,64,1
737,6,4,83,29,139,68,35,59,15,115,30,47,9,96,1
738,6,4,81,30,141,69,37,61,13,114,28,46,7,144,1
739,6,4,79,31,142,71,39,63,12,112,26,44,5,160,2
740,6,4,77,32,143,72,41,65,11,111,24,43,4,176,1
741,6,4,75,33,145,73,43,67,9,110,22,42,3,208,1
742,6,4,73,34,146,75,45,69,8,108,20,40,1,224,1
743,6,4,71,35,147,76,47,71,7,107,18,39,0,240,1
744,6,4,69,36,149,77,49,73,5,106,16,38,159,16,1
745,6,4,67,37,150,79,51,75,4,104,14,36,157,32,1
746,6,4,65,38,151,80,53,77,3,103,12,35,156,48,2
747,6,4,0,39,153,81,55,79,1,102,10,34,155,80,1
748,9,4,0,40,154,83,57,81,0,100,8,32,153,96,1
749,13,4,0,41,155,84,59,83,159,99,6,31,152,208,1
750,6,4,90,42,157,85,61,85,157,98,4,30,151,240,1
751,6,4,88,43,158,87,63,87,156,96,2,28,149,0,1
752,6,4,86,44,159,88,65,89,155,95,0,27,148,16,1
753,6,4,84,45,1,89,67,91,153,94,158,26,147,48,1
754,6,4,82,46,2,91,69,93,152,92,156,24,145,64,1
755,6,4,80,47,3,92,71,95,151,91,154,23,144,80,1
756,6,4,78,48,5,93,73,97,149,90,152,22,143,112,1
757,6,4,76,49,6,95,75,99,148,88,150,20,141,144,1
758,6,4,74,50,7,96,77,101,147,87,148,19,140,160,1
759,6,4,72,51,9,97,79,103,145,86,146,18,139,192,1
760,6,4,70,52,10,99,81,105,144,84,144,16,137,208,2
761,6,4,68,53,11,100,83,107,143,83,142,15,136,224,1
762,6,4,66,54,13,101,85,109,141,82,140,14,135,0,1
763,6,4,0,55,14,103,87,111,140,80,138,12,133,16,1
764,10,4,0,56,15,104,89,113,139,79,136,11,132,32,1
765,14,4,0,57,17,105,91,115,137,78,134,10,131,64,2
766,10,4,0,58,18,107,93,117,136,76,132,8,129,80,1
767,14,4,0,59,19,108,95,119,135,75,130,7,128,96,1
768,18,4,0,60,21,109,97,121,133,74,128,6,127,144,1
769,22,4,0,62,22,111,99,123,132,72,126,4,125,160,1
770,26,4,0,63,23,112,103,124,131,71,123,3,124,176,0
771,26,4,0,64,25,113,107,126,129,70,119,2,123,208,1
772,30,4,0,66,26,115,111,127,128,68,115,1,121,224,2
773,26,4,0,67,27,116,115,128,127,67,111,0,120,240,1
774,28,4,0,68,29,117,119,130,125,66,107,159,119,16,1
775,32,4,0,70,30,119,123,131,124,64,103,158,117,32,1
776,6,4,91,71,31,120,127,132,123,63,99,157,116,48,1
777,6,4,89,72,33,121,131,134,121,62,95,156,115,80,1
778,6,4,87,74,34,123,135,135,120,60,91,155,113,96,2
779,6,4,85,75,35,124,139,136,119,59,87,154,112,112,1
780,6,4,83,76,37,125,143,138,117,58,83,153,111,160,0
781,6,4,81,78,38,127,147,139,116,56,79,152,109,176,1
782,6,4,79,79,39,128,151,140,115,55,75,151,108,192,1
783,6,4,77,80,41,129,155,142,113,54,71,150,107,224,1
784,6,4,75,82,42,131,159,143,112,52,67,149,105,240,1
785,6,4,73,83,43,132,3,144,111,51,63,148,104,0,1
786,6,4,71,84,45,133,7,146,109,50,59,147,103,32,1
787,6,4,69,86,46,135,11,147,108,48,55,146,101,48,1
788,6,4,67,87,47,136,15,148,107,47,51,145,100,64,1
789,6,4,65,88,49,137,19,150,105,46,47,144,99,96,1
790,8,4,0,90,50,139,23,151,104,44,43,143,97,112,1
791,12,4,0,91,51,140,27,152,103,43,39,142,96,144,1
792,16,4,0,92,53,141,31,154,101,42,35,141,95,176,1
793,20,4,0,94,54,143,35,155,100,40,31,140,93,192,1
794,24,4,0,95,55,144,39,156,99,39,27,139,92,208,2
795,20,4,0,96,57,145,43,158,97,38,23,138,91,240,1
796,24,4,0,98,58,147,47,159,96,36,19,137,89,0,1
797,28,4,0,99,59,148,51,0,95,35,15,136,88,16,1
798,32,4,0,100,61,149,55,2,93,34,11,135,87,48,1
799,36,4,0,102,62,151,59,3,92,32,7,134,85,64,1
800,40,4,0,103,63,152,63,4,91,31,3,133,84,80,1
801,44,4,0,105,65,153,68,6,89,30,159,132,83,112,1
802,48,4,0,107,66,155,76,7,88,28,153,131,81,144,1
803,52,4,0,109,67,156,84,8,87,27,145,130,80,160,1
804,56,4,0,111,69,157,92,9,85,26,137,129,79,192,1
805,60,4,0,113,70,159,100,10,84,24,129,128,77,208,1
806,64,4,0,115,71,0,108,11,83,23,121,128,76,224,1
807,68,4,0,117,73,1,116,12,81,22,113,127,75,0,1
808,72,4,0,119,74,3,124,13,80,20,105,126,73,16,1
809,76,4,0,121,75,4,132,14,79,19,97,125,72,32,1
810,80,4,0,123,77,5,140,15,77,18,89,124,71,64,1
811,84,4,0,125,78,7,148,16,76,16,81,124,69,80,1
812,88,4,0,127,79,8,156,17,75,15,73,123,68,96,1
813,92,4,0,129,81,9,4,18,73,14,65,122,67,144,1
814,96,4,0,131,82,11,12,19,72,12,57,121,65,160,1
815,100,4,0,133,83,12,20,20,71,11,49,120,64,176,1
816,104,4,0,135,85,13,28,21,69,10,41,120,63,208,1
817,108,4,0,137,86,15,36,22,68,8,33,119,61,224,1
818,112,4,0,139,87,16,44,23,67,7,25,118,60,240,1
819,116,4,0,141,89,17,52,24,65,6,17,117,59,16,1
820,120,4,0,143,90,19,60,25,64,4,9,116,57,32,2
821,116,4,0,145,91,20,68,26,63,3,1,116,56,48,1
822,120,4,0,147,93,21,76,27,61,2,153,115,55,80,1
823,124,4,0,149,94,23,84,28,60,0,145,114,53,96,1
824,128,4,0,151,95,24,92,29,59,159,137,113,52,112,1
825,132,4,0,153,97,25,100,30,57,158,129,112,51,160,1
826,136,4,0,155,98,27,108,31,56,156,121,112,49,176,1
827,140,4,0,157,99,28,116,32,55,155,113,111,48,192,1
828,144,4,0,159,101,29,124,33,53,154,105,110,47,224,1
829,148,4,0,1,102,31,132,34,52,152,97,109,45,240,1
830,152,4,0,3,103,32,140,35,51,151,89,108,44,0,1
831,156,4,0,5,105,33,148,36,49,150,81,108,43,32,1
832,6,4,91,7,106,35,156,37,48,148,73,107,41,48,1
833,6,4,89,10,107,36,4,38,47,147,65,106,40,64,1
834,6,4,87,14,108,38,12,39,46,145,57,105,39,80,1
835,6,4,85,18,109,40,20,40,45,143,49,104,38,96,1
836,6,4,83,22,110,42,28,41,44,141,41,104,37,112,1
837,6,4,81,26,111,44,36,42,43,139,33,103,36,144,1
838,6,4,79,30,112,46,44,43,42,137,25,102,35,160,1
839,6,4,77,34,113,48,52,44,41,135,17,101,34,176,1
840,6,4,75,38,114,50,60,45,40,133,9,100,33,192,1
841,6,4,73,42,115,52,68,46,39,131,1,100,32,208,1
842,6,4,71,46,116,54,76,47,38,129,153,99,31,224,1
843,6,4,69,50,117,56,84,48,37,127,145,98,30,240,1
844,6,4,67,54,118,58,92,49,36,125,137,97,29,0,1
845,6,4,65,58,119,60,100,50,35,123,129,96,28,16,1
846,8,4,0,62,120,62,108,51,34,121,121,96,27,32,1
847,12,4,0,66,121,64,116,52,33,119,113,95,26,48,1
848,16,4,0,70,122,66,124,53,32,117,105,94,25,64,1
849,20,4,0,74,123,68,132,54,31,115,97,93,24,80,1
850,24,4,0,78,124,70,140,55,30,113,89,92,23,96,1
851,28,4,0,82,125,72,148,56,29,111,81,92,22,112,1
852,32,4,0,86,126,74,156,57,28,109,73,91,21,144,1
853,36,4,0,90,127,76,4,58,27,107,65,90,20,160,1
854,40,4,0,94,128,78,12,59,26,105,57,89,19,176,1
855,44,4,0,98,129,80,20,60,25,103,49,88,18,192,1
856,48,4,0,102,130,82,28,61,24,101,41,88,17,208,2
857,44,4,0,106,131,84,36,62,23,99,33,87,16,224,1
858,48,4,0,110,132,86,44,63,22,97,25,86,15,240,1
859,52,4,0,114,133,88,52,64,21,95,17,85,14,0,1
860,56,4,0,118,134,90,60,65,20,93,9,84,13,16,1
861,60,4,0,122,135,92,68,66,19,91,1,84,12,32,1
862,64,4,0,126,136,94,76,67,18,89,153,83,11,48,1
863,68,4,0,130,137,96,84,68,17,87,145,82,10,64,1
864,72,4,0,134,138,98,92,69,16,85,137,81,9,80,1
865,76,4,0,142,139,101,100,70,15,83,129,80,8,96,1
866,80,4,0,150,140,105,108,71,14,80,121,80,7,112,1
867,84,4,0,158,141,109,116,72,13,76,113,79,6,144,1
868,88,4,0,6,141,113,124,73,12,72,105,78,5,160,1
869,92,4,0,14,142,117,132,74,11,68,97,77,4,176,1
870,96,4,0,22,143,121,140,75,11,64,89,76,3,176,1
871,100,4,0,30,144,125,148,76,10,60,81,76,3,192,1
872,104,4,0,38,145,129,156,77,9,56,73,75,2,208,1
873,108,4,0,46,145,133,4,78,8,52,65,74,1,224,1
874,6,4,91,54,146,137,12,79,7,48,57,73,0,240,1
875,6,4,89,62,147,141,20,80,7,44,49,72,159,240,1
876,6,4,87,70,148,145,28,81,6,40,41,72,159,0,1
877,6,4,85,78,149,149,36,82,5,36,33,71,158,16,1
878,6,4,83,86,149,153,44,83,4,32,25,70,157,32,1
879,6,4,81,94,150,157,52,84,3,28,17,69,156,48,1
880,6,4,79,102,151,1,60,85,3,24,9,68,155,48,1
881,6,4,77,110,152,5,68,86,2,20,1,68,155,64,1
882,6,4,75,118,153,9,76,87,1,16,153,67,154,80,1
883,6,4,73,126,153,13,84,88,0,12,145,66,153,96,1
884,6,4,71,134,154,17,92,89,159,8,137,65,152,208,1
885,6,4,69,142,155,21,100,90,159,4,129,64,151,208,1
886,6,4,67,150,156,25,108,91,158,0,121,64,151,224,1
887,6,4,65,158,157,29,116,92,157,156,113,63,150,240,1
888,8,4,0,6,157,33,124,93,156,152,105,62,149,0,1
889,12,4,0,14,158,37,132,94,155,148,97,61,148,16,1
890,16,4,0,22,159,41,140,95,155,144,89,60,147,16,1
891,20,4,0,30,0,45,148,96,154,140,81,60,147,32,1
892,6,4,90,38,1,49,156,97,153,136,73,59,146,48,1
893,6,4,88,46,1,53,4,98,152,132,65,58,145,64,1
894,6,4,86,54,2,57,12,99,151,128,57,57,144,80,1
895,6,4,84,62,3,61,20,100,151,124,49,56,143,80,1
896,6,4,82,70,4,65,28,101,150,120,41,56,143,96,1
897,6,4,80,78,5,69,36,102,149,116,33,55,142,112,1
898,6,4,78,86,5,73,44,103,148,112,25,54,141,144,1
899,6,4,76,94,6,77,52,104,147,108,17,53,140,160,1
900,6,4,74,102,7,81,60,104,147,104,9,52,139,160,1
901,6,4,72,110,8,85,68,105,146,100,1,52,139,176,1
902,6,4,70,118,9,89,76,106,145,96,153,51,138,192,1
903,6,4,68,126,9,93,84,107,144,92,145,50,137,208,1
904,6,4,66,134,10,97,92,108,143,88,137,49,136,224,1
905,6,4,0,142,11,101,100,108,143,84,129,48,135,224,1
906,10,4,0,150,12,105,108,109,142,80,121,48,135,240,1
907,14,4,0,158,13,109,116,110,141,76,113,47,134,0,1
908,18,4,0,6,13,113,124,111,140,72,105,46,133,16,1
909,22,4,0,14,14,117,132,112,139,68,97,45,132,32,1
910,26,4,0,22,15,121,140,112,139,64,89,44,131,32,1
911,30,4,0,30,16,125,148,113,138,60,81,44,131,48,1
912,34,4,0,38,17,129,156,114,137,56,73,43,130,64,1
913,38,4,0,46,17,133,4,115,136,52,65,42,129,80,1
914,42,4,0,54,18,137,12,116,135,48,57,41,128,96,0
915,43,4,0,62,19,141,20,116,135,44,49,40,127,96,1
916,46,4,0,70,20,145,28,117,134,40,41,40,127,112,1
917,50,4,0,78,21,149,36,118,133,36,33,39,126,144,1
918,54,4,0,86,21,153,44,119,132,32,25,38,125,160,1
919,58,4,0,94,22,157,52,120,131,28,17,37,124,176,1
920,62,4,0,102,23,1,60,120,131,24,9,36,123,176,1
921,66,4,0,110,24,5,68,121,130,20,1,36,123,192,1
922,70,4,0,118,25,9,76,122,129,16,153,35,122,208,1
923,74,4,0,126,25,13,84,123,128,12,145,34,121,224,1
924,78,4,0,134,26,17,92,124,127,8,137,33,120,240,1
925,82,4,0,142,27,21,100,124,127,4,129,32,119,240,1
926,86,4,0,150,28,25,108,125,126,0,121,32,119,0,1
927,90,4,0,158,29,29,116,126,125,156,113,31,118,16,1
928,94,4,0,6,29,33,124,127,124,152,105,30,117,32,1
929,98,4,0,10,30,37,132,128,123,148,97,29,116,48,0
930,99,4,0,14,31,41,140,128,123,144,89,28,115,48,1
931,100,4,0,18,32,45,148,129,122,140,81,28,115,64,1
932,104,4,0,22,33,49,156,130,121,136,73,27,114,80,1
933,108,4,0,26,33,53,4,131,120,132,65,26,113,96,1
934,112,4,0,30,34,57,12,132,119,128,57,25,112,112,1
935,116,4,0,34,35,61,20,132,119,124,49,24,111,112,1
936,120,4,0,38,36,65,28,133,118,120,41,24,111,144,1
937,124,4,0,42,37,69,36,134,117,116,33,23,110,160,1
938,128,4,0,46,37,73,44,135,116,112,25,22,109,176,1
939,132,4,0,50,38,77,52,136,115,108,17,21,108,192,1
940,136,4,0,54,39,81,60,136,115,104,9,20,107,192,1
941,140,4,0,58,40,85,68,137,114,100,1,20,107,208,1
942,144,4,0,62,41,89,76,138,113,96,153,19,106,224,1
943,148,4,0,66,41,93,84,139,112,92,145,18,105,240,1
944,152,4,0,70,42,97,92,140,111,88,137,17,104,0,1
945,156,4,0,74,43,101,100,140,111,84,129,16,103,0,1
946,160,4,0,78,44,105,108,141,110,80,121,16,103,16,1
947,164,4,0,82,45,109,116,142,109,76,113,15,102,32,1
948,168,4,0,86,45,113,124,143,108,72,105,14,101,48,1
949,172,4,0,90,46,117,132,144,107,68,97,13,100,64,1
950,176,4,0,94,47,121,140,144,107,64,89,12,99,64,1
951,6,5,141,98,48,125,148,145,106,60,81,12,99,80,1
952,6,5,139,102,49,129,156,146,105,56,73,11,98,96,1
953,6,5,137,106,49,133,4,147,104,52,65,10,97,112,1
954,6,5,135,110,50,137,12,148,103,48,57,9,96,144,1
955,6,5,133,114,51,141,20,148,103,44,49,8,95,144,1
956,6,5,131,118,52,145,28,149,102,40,41,8,95,160,1
957,6,5,129,122,53,149,36,150,101,36,33,7,94,176,1
958,8,5,0,126,53,153,44,151,100,32,25,6,93,192,1
959,12,5,0,130,54,157,52,152,99,28,17,5,92,208,1
960,16,5,0,134,55,1,60,152,99,24,9,4,91,208,0
961,16,5,0,136,56,5,67,153,98,20,1,4,91,224,1
962,19,5,0,138,57,9,71,154,97,16,155,3,90,240,1
963,23,5,0,140,57,13,75,155,96,12,151,2,89,0,2
964,19,5,0,142,58,17,79,156,95,8,147,1,88,16,1
965,23,5,0,144,59,21,83,157,95,4,143,0,87,16,1
966,27,5,0,146,60,25,87,158,94,0,139,159,87,32,1
967,31,5,0,148,61,29,91,159,93,156,135,158,86,48,1
968,35,5,0,150,61,33,95,0,92,152,131,157,85,64,1
969,39,5,0,152,62,37,99,1,91,148,127,156,84,80,1
970,43,5,0,154,63,41,103,2,91,144,123,155,83,80,1
971,6,5,91,156,64,45,107,3,90,140,119,154,83,96,1
972,6,5,89,158,65,49,111,4,89,136,115,153,82,112,1
973,6,5,87,0,65,53,115,5,88,132,111,152,81,144,1
974,6,5,85,2,66,57,119,6,87,128,107,151,80,160,1
975,6,5,83,4,67,61,123,7,87,124,103,150,79,160,1
976,6,5,81,6,68,65,127,8,86,120,99,149,79,176,1
977,6,5,79,8,69,69,131,9,85,116,95,148,78,192,1
978,6,5,77,10,69,73,135,10,84,112,91,147,77,208,1
979,6,5,75,12,70,77,139,11,83,108,87,146,76,224,1
980,6,5,73,14,71,81,143,12,83,104,83,145,75,224,1
981,6,5,71,16,72,85,147,13,82,100,79,144,75,240,1
982,6,5,69,18,73,89,151,14,81,96,75,143,74,0,1
983,6,5,67,20,73,93,155,15,80,92,71,142,73,16,1
984,6,5,65,22,74,97,159,16,79,88,67,141,72,32,1
985,8,5,0,24,75,101,3,17,79,84,63,140,71,32,1
986,12,5,0,26,76,105,7,18,78,80,59,139,71,48,1
987,16,5,0,28,77,109,11,19,77,76,55,138,70,64,1
988,20,5,0,30,77,113,15,20,76,72,51,137,69,80,1
989,6,5,90,32,78,117,19,21,75,68,47,136,68,96,1
990,6,5,88,34,79,121,23,22,75,64,43,135,67,96,1
991,6,5,86,36,80,125,27,23,74,60,39,134,67,112,1
992,6,5,84,38,81,129,31,24,73,56,35,133,66,144,1
993,6,5,82,40,81,132,35,25,72,52,31,132,65,160,1
994,6,5,80,42,82,134,39,26,71,49,27,131,64,176,1
995,6,5,78,44,83,136,43,27,70,47,23,130,63,192,1
996,6,5,76,46,84,138,47,28,69,45,19,129,62,208,1
997,6,5,74,48,85,140,51,29,68,43,15,128,61,224,1
998,6,5,72,50,86,142,55,30,67,41,11,127,60,240,1
999,6,5,70,52,87,144,59,31,66,39,7,126,59,0,1
